,deposit
0,no
1,no
2,yes
3,no
4,no
5,no
6,yes
7,yes
8,yes
9,no
10,yes
11,no
12,no
13,yes
14,no
15,no
16,no
17,yes
18,no
19,yes
20,no
21,yes
22,no
23,yes
24,no
25,no
26,no
27,yes
28,no
29,yes
30,yes
31,yes
32,no
33,no
34,yes
35,no
36,yes
37,yes
38,yes
39,no
40,no
41,yes
42,no
43,no
44,no
45,yes
46,yes
47,no
48,yes
49,yes
50,yes
51,yes
52,no
53,no
54,yes
55,no
56,no
57,yes
58,no
59,yes
60,yes
61,yes
62,no
63,yes
64,yes
65,no
66,yes
67,yes
68,no
69,yes
70,yes
71,no
72,no
73,yes
74,no
75,no
76,yes
77,yes
78,no
79,yes
80,no
81,no
82,yes
83,yes
84,yes
85,yes
86,yes
87,yes
88,no
89,yes
90,no
91,yes
92,yes
93,yes
94,no
95,no
96,no
97,yes
98,yes
99,yes
100,yes
101,yes
102,no
103,yes
104,no
105,yes
106,no
107,no
108,no
109,yes
110,yes
111,yes
112,no
113,no
114,yes
115,no
116,no
117,yes
118,no
119,yes
120,yes
121,no
122,no
123,yes
124,no
125,yes
126,yes
127,yes
128,no
129,no
130,no
131,no
132,no
133,no
134,no
135,yes
136,no
137,yes
138,no
139,yes
140,no
141,no
142,yes
143,no
144,no
145,no
146,no
147,yes
148,no
149,no
150,no
151,no
152,yes
153,no
154,no
155,yes
156,no
157,yes
158,no
159,yes
160,yes
161,yes
162,no
163,no
164,no
165,yes
166,yes
167,yes
168,no
169,no
170,yes
171,yes
172,no
173,no
174,no
175,yes
176,no
177,no
178,no
179,yes
180,yes
181,yes
182,yes
183,yes
184,yes
185,yes
186,no
187,yes
188,yes
189,yes
190,yes
191,no
192,no
193,yes
194,yes
195,yes
196,yes
197,yes
198,no
199,yes
200,no
201,no
202,yes
203,no
204,no
205,yes
206,no
207,no
208,no
209,yes
210,yes
211,no
212,yes
213,no
214,yes
215,no
216,no
217,no
218,yes
219,yes
220,no
221,yes
222,yes
223,no
224,yes
225,yes
226,yes
227,no
228,no
229,no
230,no
231,no
232,no
233,no
234,yes
235,yes
236,yes
237,no
238,no
239,yes
240,no
241,no
242,yes
243,yes
244,no
245,yes
246,no
247,no
248,yes
249,no
250,no
251,yes
252,yes
253,yes
254,no
255,no
256,yes
257,no
258,no
259,yes
260,yes
261,no
262,no
263,yes
264,no
265,yes
266,no
267,yes
268,no
269,no
270,no
271,no
272,no
273,yes
274,no
275,no
276,yes
277,no
278,no
279,yes
280,no
281,no
282,yes
283,no
284,yes
285,yes
286,yes
287,no
288,yes
289,no
290,no
291,no
292,no
293,no
294,yes
295,no
296,no
297,no
298,yes
299,no
300,no
301,no
302,no
303,no
304,no
305,yes
306,no
307,no
308,yes
309,yes
310,yes
311,no
312,no
313,no
314,yes
315,no
316,no
317,no
318,yes
319,no
320,no
321,no
322,no
323,no
324,yes
325,no
326,no
327,yes
328,no
329,yes
330,no
331,no
332,yes
333,yes
334,yes
335,no
336,no
337,no
338,yes
339,yes
340,yes
341,yes
342,yes
343,yes
344,yes
345,yes
346,yes
347,yes
348,no
349,no
350,yes
351,no
352,no
353,yes
354,yes
355,no
356,no
357,no
358,yes
359,yes
360,no
361,no
362,yes
363,no
364,no
365,yes
366,yes
367,no
368,yes
369,no
370,no
371,yes
372,no
373,yes
374,yes
375,yes
376,yes
377,no
378,no
379,no
380,yes
381,no
382,yes
383,no
384,yes
385,yes
386,yes
387,no
388,no
389,yes
390,no
391,no
392,no
393,yes
394,no
395,no
396,no
397,no
398,no
399,no
400,no
401,no
402,yes
403,yes
404,yes
405,yes
406,yes
407,yes
408,yes
409,yes
410,yes
411,no
412,no
413,yes
414,yes
415,yes
416,no
417,no
418,yes
419,yes
420,yes
421,yes
422,no
423,yes
424,yes
425,no
426,yes
427,no
428,no
429,yes
430,no
431,no
432,no
433,no
434,no
435,no
436,no
437,yes
438,no
439,yes
440,yes
441,yes
442,no
443,yes
444,no
445,no
446,yes
447,no
448,yes
449,yes
450,yes
451,no
452,no
453,yes
454,no
455,no
456,no
457,no
458,no
459,no
460,yes
461,yes
462,yes
463,yes
464,no
465,yes
466,yes
467,yes
468,yes
469,no
470,no
471,yes
472,no
473,no
474,yes
475,yes
476,no
477,yes
478,no
479,no
480,no
481,no
482,no
483,yes
484,yes
485,no
486,no
487,no
488,no
489,yes
490,yes
491,yes
492,yes
493,yes
494,no
495,no
496,no
497,no
498,yes
499,yes
500,no
501,yes
502,no
503,no
504,no
505,yes
506,yes
507,yes
508,yes
509,yes
510,no
511,no
512,no
513,no
514,no
515,no
516,yes
517,no
518,no
519,no
520,no
521,no
522,yes
523,no
524,yes
525,no
526,yes
527,yes
528,yes
529,no
530,no
531,yes
532,no
533,yes
534,no
535,yes
536,no
537,yes
538,no
539,no
540,no
541,yes
542,no
543,yes
544,yes
545,no
546,yes
547,yes
548,no
549,yes
550,no
551,no
552,yes
553,no
554,no
555,yes
556,no
557,yes
558,yes
559,no
560,yes
561,yes
562,yes
563,no
564,no
565,yes
566,no
567,yes
568,no
569,no
570,yes
571,no
572,no
573,yes
574,no
575,yes
576,yes
577,no
578,yes
579,no
580,yes
581,no
582,yes
583,yes
584,yes
585,no
586,yes
587,no
588,no
589,no
590,yes
591,yes
592,yes
593,no
594,yes
595,yes
596,yes
597,no
598,yes
599,no
600,yes
601,no
602,no
603,no
604,yes
605,no
606,no
607,no
608,yes
609,yes
610,no
611,no
612,no
613,yes
614,yes
615,yes
616,yes
617,no
618,no
619,yes
620,yes
621,yes
622,no
623,no
624,yes
625,yes
626,yes
627,no
628,no
629,yes
630,no
631,yes
632,yes
633,yes
634,yes
635,yes
636,no
637,yes
638,yes
639,no
640,no
641,no
642,no
643,no
644,yes
645,no
646,yes
647,yes
648,no
649,yes
650,yes
651,no
652,no
653,yes
654,no
655,no
656,yes
657,yes
658,no
659,no
660,no
661,no
662,no
663,no
664,yes
665,no
666,yes
667,no
668,no
669,yes
670,yes
671,no
672,no
673,no
674,yes
675,no
676,yes
677,yes
678,yes
679,no
680,no
681,yes
682,no
683,no
684,yes
685,yes
686,yes
687,yes
688,no
689,no
690,no
691,no
692,no
693,no
694,yes
695,no
696,yes
697,yes
698,no
699,yes
700,no
701,no
702,yes
703,yes
704,yes
705,yes
706,no
707,yes
708,yes
709,no
710,yes
711,yes
712,no
713,yes
714,no
715,no
716,yes
717,no
718,no
719,yes
720,no
721,yes
722,no
723,no
724,no
725,no
726,yes
727,yes
728,yes
729,yes
730,yes
731,no
732,yes
733,yes
734,yes
735,yes
736,no
737,no
738,yes
739,yes
740,no
741,yes
742,no
743,yes
744,yes
745,no
746,no
747,no
748,no
749,no
750,no
751,no
752,yes
753,yes
754,no
755,no
756,no
757,yes
758,yes
759,yes
760,no
761,yes
762,yes
763,no
764,no
765,no
766,yes
767,yes
768,no
769,no
770,yes
771,no
772,yes
773,yes
774,yes
775,yes
776,yes
777,yes
778,no
779,no
780,no
781,no
782,yes
783,yes
784,no
785,no
786,yes
787,no
788,yes
789,yes
790,no
791,yes
792,no
793,yes
794,no
795,yes
796,yes
797,no
798,no
799,yes
800,no
801,yes
802,no
803,yes
804,no
805,yes
806,no
807,no
808,no
809,no
810,yes
811,yes
812,no
813,no
814,yes
815,yes
816,no
817,yes
818,no
819,no
820,no
821,no
822,no
823,yes
824,yes
825,no
826,no
827,no
828,no
829,no
830,yes
831,yes
832,yes
833,no
834,yes
835,yes
836,yes
837,no
838,no
839,no
840,no
841,yes
842,yes
843,no
844,no
845,no
846,yes
847,yes
848,yes
849,yes
850,yes
851,yes
852,no
853,no
854,yes
855,yes
856,yes
857,yes
858,yes
859,yes
860,yes
861,no
862,yes
863,yes
864,no
865,no
866,yes
867,no
868,no
869,yes
870,yes
871,yes
872,yes
873,yes
874,no
875,yes
876,no
877,yes
878,yes
879,no
880,no
881,no
882,no
883,yes
884,no
885,no
886,yes
887,no
888,no
889,yes
890,no
891,no
892,yes
893,yes
894,yes
895,no
896,yes
897,no
898,no
899,yes
900,no
901,no
902,no
903,no
904,yes
905,yes
906,no
907,yes
908,no
909,no
910,yes
911,no
912,yes
913,no
914,yes
915,no
916,yes
917,yes
918,yes
919,no
920,no
921,yes
922,no
923,no
924,no
925,yes
926,no
927,no
928,no
929,yes
930,yes
931,no
932,yes
933,no
934,yes
935,yes
936,no
937,yes
938,yes
939,no
940,no
941,yes
942,no
943,yes
944,no
945,no
946,no
947,no
948,yes
949,no
950,no
951,no
952,yes
953,no
954,yes
955,no
956,no
957,no
958,no
959,no
960,no
961,yes
962,yes
963,no
964,yes
965,no
966,yes
967,no
968,yes
969,no
970,no
971,no
972,no
973,yes
974,yes
975,no
976,yes
977,yes
978,yes
979,yes
980,yes
981,no
982,yes
983,yes
984,yes
985,no
986,yes
987,yes
988,no
989,yes
990,no
991,yes
992,yes
993,yes
994,no
995,no
996,yes
997,no
998,no
999,no
1000,no
1001,yes
1002,no
1003,no
1004,no
1005,yes
1006,no
1007,no
1008,yes
1009,yes
1010,yes
1011,yes
1012,no
1013,no
1014,yes
1015,no
1016,no
1017,yes
1018,yes
1019,yes
1020,no
1021,no
1022,yes
1023,no
1024,yes
1025,no
1026,no
1027,no
1028,yes
1029,yes
1030,yes
1031,yes
1032,yes
1033,yes
1034,yes
1035,yes
1036,yes
1037,no
1038,no
1039,no
1040,no
1041,no
1042,yes
1043,yes
1044,no
1045,no
1046,no
1047,yes
1048,yes
1049,yes
1050,no
1051,no
1052,yes
1053,yes
1054,no
1055,no
1056,yes
1057,no
1058,no
1059,no
1060,yes
1061,no
1062,yes
1063,no
1064,no
1065,no
1066,no
1067,no
1068,yes
1069,yes
1070,no
1071,yes
1072,no
1073,no
1074,yes
1075,no
1076,no
1077,yes
1078,yes
1079,yes
1080,no
1081,yes
1082,no
1083,no
1084,no
1085,no
1086,yes
1087,no
1088,yes
1089,no
1090,no
1091,yes
1092,no
1093,no
1094,yes
1095,no
1096,no
1097,no
1098,no
1099,no
1100,yes
1101,yes
1102,yes
1103,no
1104,no
1105,yes
1106,no
1107,no
1108,no
1109,no
1110,no
1111,no
1112,no
1113,yes
1114,no
1115,no
1116,no
1117,no
1118,yes
1119,no
1120,no
1121,no
1122,no
1123,yes
1124,no
1125,no
1126,yes
1127,no
1128,yes
1129,yes
1130,yes
1131,no
1132,yes
1133,no
1134,yes
1135,no
1136,yes
1137,no
1138,yes
1139,yes
1140,yes
1141,no
1142,no
1143,yes
1144,no
1145,yes
1146,no
1147,no
1148,no
1149,yes
1150,no
1151,yes
1152,yes
1153,yes
1154,yes
1155,yes
1156,no
1157,no
1158,yes
1159,no
1160,no
1161,no
1162,no
1163,yes
1164,yes
1165,no
1166,no
1167,yes
1168,no
1169,yes
1170,yes
1171,yes
1172,no
1173,yes
1174,yes
1175,yes
1176,yes
1177,no
1178,no
1179,yes
1180,no
1181,no
1182,yes
1183,no
1184,yes
1185,yes
1186,no
1187,no
1188,yes
1189,no
1190,no
1191,yes
1192,yes
1193,no
1194,yes
1195,yes
1196,yes
1197,yes
1198,no
1199,no
1200,yes
1201,no
1202,no
1203,yes
1204,no
1205,no
1206,yes
1207,yes
1208,no
1209,yes
1210,yes
1211,no
1212,no
1213,no
1214,yes
1215,no
1216,yes
1217,no
1218,yes
1219,no
1220,yes
1221,no
1222,yes
1223,no
1224,no
1225,yes
1226,yes
1227,no
1228,yes
1229,no
1230,no
1231,yes
1232,no
1233,no
1234,yes
1235,yes
1236,no
1237,no
1238,yes
1239,no
1240,no
1241,no
1242,no
1243,no
1244,no
1245,yes
1246,yes
1247,no
1248,yes
1249,no
1250,yes
1251,no
1252,yes
1253,yes
1254,no
1255,no
1256,yes
1257,no
1258,yes
1259,no
1260,yes
1261,yes
1262,yes
1263,no
1264,yes
1265,yes
1266,no
1267,no
1268,no
1269,yes
1270,yes
1271,no
1272,no
1273,no
1274,no
1275,no
1276,yes
1277,no
1278,no
1279,yes
1280,no
1281,no
1282,yes
1283,no
1284,yes
1285,yes
1286,yes
1287,yes
1288,no
1289,no
1290,no
1291,no
1292,no
1293,yes
1294,no
1295,yes
1296,no
1297,no
1298,no
1299,yes
1300,yes
1301,yes
1302,no
1303,no
1304,yes
1305,yes
1306,no
1307,no
1308,no
1309,no
1310,yes
1311,no
1312,yes
1313,no
1314,no
1315,no
1316,no
1317,yes
1318,yes
1319,yes
1320,no
1321,yes
1322,no
1323,no
1324,yes
1325,yes
1326,no
1327,no
1328,no
1329,yes
1330,no
1331,yes
1332,yes
1333,yes
1334,yes
1335,no
1336,yes
1337,yes
1338,no
1339,no
1340,yes
1341,yes
1342,no
1343,no
1344,no
1345,no
1346,no
1347,yes
1348,no
1349,no
1350,yes
1351,yes
1352,no
1353,no
1354,no
1355,yes
1356,yes
1357,yes
1358,yes
1359,yes
1360,no
1361,yes
1362,no
1363,yes
1364,no
1365,no
1366,no
1367,yes
1368,yes
1369,no
1370,yes
1371,yes
1372,yes
1373,no
1374,yes
1375,yes
1376,yes
1377,yes
1378,yes
1379,no
1380,no
1381,no
1382,yes
1383,no
1384,no
1385,no
1386,no
1387,yes
1388,yes
1389,no
1390,yes
1391,yes
1392,no
1393,yes
1394,no
1395,no
1396,no
1397,no
1398,yes
1399,no
1400,no
1401,yes
1402,no
1403,yes
1404,yes
1405,no
1406,no
1407,no
1408,yes
1409,yes
1410,yes
1411,no
1412,no
1413,no
1414,no
1415,no
1416,no
1417,no
1418,yes
1419,no
1420,yes
1421,no
1422,yes
1423,no
1424,yes
1425,yes
1426,no
1427,no
1428,yes
1429,yes
1430,yes
1431,yes
1432,yes
1433,yes
1434,no
1435,yes
1436,yes
1437,yes
1438,yes
1439,yes
1440,yes
1441,no
1442,no
1443,yes
1444,no
1445,yes
1446,yes
1447,no
1448,yes
1449,yes
1450,yes
1451,yes
1452,yes
1453,yes
1454,no
1455,yes
1456,yes
1457,yes
1458,yes
1459,no
1460,yes
1461,no
1462,no
1463,no
1464,yes
1465,yes
1466,no
1467,yes
1468,yes
1469,no
1470,no
1471,yes
1472,yes
1473,no
1474,yes
1475,yes
1476,yes
1477,no
1478,no
1479,yes
1480,no
1481,yes
1482,no
1483,yes
1484,no
1485,no
1486,yes
1487,no
1488,yes
1489,no
1490,yes
1491,yes
1492,yes
1493,yes
1494,no
1495,yes
1496,no
1497,yes
1498,no
1499,yes
1500,no
1501,no
1502,yes
1503,no
1504,no
1505,no
1506,no
1507,yes
1508,yes
1509,yes
1510,yes
1511,yes
1512,no
1513,no
1514,no
1515,yes
1516,no
1517,no
1518,yes
1519,yes
1520,yes
1521,yes
1522,yes
1523,no
1524,yes
1525,yes
1526,yes
1527,no
1528,no
1529,no
1530,no
1531,yes
1532,no
1533,yes
1534,yes
1535,no
1536,no
1537,yes
1538,no
1539,yes
1540,yes
1541,no
1542,yes
1543,yes
1544,yes
1545,yes
1546,yes
1547,no
1548,no
1549,yes
1550,yes
1551,no
1552,yes
1553,no
1554,yes
1555,yes
1556,yes
1557,yes
1558,no
1559,yes
1560,no
1561,no
1562,no
1563,yes
1564,no
1565,no
1566,no
1567,yes
1568,yes
1569,no
1570,yes
1571,yes
1572,no
1573,yes
1574,no
1575,yes
1576,no
1577,no
1578,no
1579,yes
1580,no
1581,yes
1582,no
1583,yes
1584,no
1585,yes
1586,yes
1587,no
1588,yes
1589,no
1590,yes
1591,yes
1592,yes
1593,yes
1594,no
1595,no
1596,no
1597,yes
1598,no
1599,no
1600,no
1601,no
1602,no
1603,no
1604,no
1605,yes
1606,no
1607,yes
1608,yes
1609,no
1610,yes
1611,yes
1612,yes
1613,no
1614,yes
1615,yes
1616,yes
1617,no
1618,yes
1619,yes
1620,no
1621,no
1622,no
1623,no
1624,no
1625,yes
1626,no
1627,no
1628,no
1629,no
1630,no
1631,yes
1632,no
1633,no
1634,no
1635,yes
1636,yes
1637,yes
1638,yes
1639,no
1640,no
1641,yes
1642,no
1643,yes
1644,yes
1645,yes
1646,yes
1647,no
1648,no
1649,no
1650,no
1651,yes
1652,no
1653,no
1654,no
1655,yes
1656,yes
1657,yes
1658,no
1659,yes
1660,yes
1661,yes
1662,yes
1663,no
1664,yes
1665,no
1666,yes
1667,no
1668,no
1669,yes
1670,no
1671,no
1672,yes
1673,yes
1674,no
1675,yes
1676,no
1677,yes
1678,no
1679,yes
1680,no
1681,no
1682,no
1683,no
1684,yes
1685,no
1686,yes
1687,yes
1688,yes
1689,no
1690,no
1691,no
1692,yes
1693,no
1694,yes
1695,yes
1696,yes
1697,yes
1698,yes
1699,no
1700,yes
1701,yes
1702,no
1703,yes
1704,no
1705,no
1706,no
1707,no
1708,yes
1709,no
1710,no
1711,yes
1712,no
1713,no
1714,yes
1715,yes
1716,no
1717,no
1718,no
1719,yes
1720,no
1721,yes
1722,yes
1723,no
1724,yes
1725,no
1726,yes
1727,no
1728,no
1729,no
1730,yes
1731,no
1732,yes
1733,no
1734,no
1735,no
1736,no
1737,no
1738,no
1739,no
1740,no
1741,yes
1742,no
1743,no
1744,no
1745,no
1746,no
1747,no
1748,no
1749,no
1750,yes
1751,no
1752,no
1753,no
1754,no
1755,no
1756,no
1757,no
1758,yes
1759,no
1760,no
1761,yes
1762,no
1763,yes
1764,no
1765,no
1766,yes
1767,no
1768,yes
1769,no
1770,no
1771,no
1772,yes
1773,no
1774,yes
1775,no
1776,yes
1777,yes
1778,no
1779,no
1780,yes
1781,no
1782,yes
1783,no
1784,no
1785,no
1786,no
1787,no
1788,yes
1789,yes
1790,yes
1791,no
1792,yes
1793,yes
1794,no
1795,no
1796,no
1797,yes
1798,no
1799,yes
1800,yes
1801,no
1802,yes
1803,no
1804,yes
1805,no
1806,no
1807,no
1808,yes
1809,yes
1810,no
1811,yes
1812,yes
1813,no
1814,yes
1815,yes
1816,yes
1817,no
1818,yes
1819,yes
1820,no
1821,yes
1822,yes
1823,no
1824,yes
1825,no
1826,yes
1827,no
1828,no
1829,yes
1830,yes
1831,no
1832,yes
1833,no
1834,no
1835,no
1836,yes
1837,yes
1838,yes
1839,yes
1840,yes
1841,yes
1842,no
1843,no
1844,yes
1845,no
1846,yes
1847,yes
1848,yes
1849,yes
1850,no
1851,no
1852,no
1853,yes
1854,yes
1855,no
1856,no
1857,yes
1858,no
1859,no
1860,no
1861,no
1862,yes
1863,yes
1864,yes
1865,yes
1866,no
1867,yes
1868,yes
1869,no
1870,no
1871,no
1872,no
1873,yes
1874,no
1875,yes
1876,yes
1877,yes
1878,yes
1879,no
1880,no
1881,no
1882,no
1883,yes
1884,no
1885,yes
1886,yes
1887,yes
1888,yes
1889,yes
1890,no
1891,no
1892,yes
1893,no
1894,no
1895,no
1896,no
1897,yes
1898,yes
1899,no
1900,yes
1901,yes
1902,no
1903,no
1904,no
1905,no
1906,no
1907,yes
1908,no
1909,no
1910,yes
1911,no
1912,yes
1913,yes
1914,no
1915,yes
1916,yes
1917,yes
1918,yes
1919,no
1920,no
1921,no
1922,no
1923,no
1924,no
1925,no
1926,no
1927,no
1928,no
1929,yes
1930,no
1931,yes
1932,yes
1933,no
1934,yes
1935,no
1936,yes
1937,yes
1938,no
1939,no
1940,yes
1941,yes
1942,no
1943,no
1944,yes
1945,yes
1946,no
1947,no
1948,no
1949,yes
1950,no
1951,yes
1952,no
1953,no
1954,yes
1955,no
1956,yes
1957,yes
1958,no
1959,yes
1960,no
1961,yes
1962,no
1963,yes
1964,no
1965,no
1966,yes
1967,yes
1968,yes
1969,yes
1970,no
1971,yes
1972,no
1973,yes
1974,yes
1975,no
1976,no
1977,no
1978,no
1979,yes
1980,no
1981,no
1982,no
1983,no
1984,no
1985,no
1986,yes
1987,yes
1988,no
1989,no
1990,no
1991,yes
1992,no
1993,yes
1994,yes
1995,yes
1996,no
1997,yes
1998,yes
1999,no
2000,yes
2001,no
2002,yes
2003,no
2004,no
2005,no
2006,no
2007,yes
2008,no
2009,no
2010,yes
2011,no
2012,no
2013,no
2014,no
2015,no
2016,no
2017,no
2018,yes
2019,no
2020,yes
2021,yes
2022,yes
2023,no
2024,no
2025,no
2026,no
2027,no
2028,no
2029,yes
2030,no
2031,no
2032,yes
2033,no
2034,yes
2035,no
2036,yes
2037,no
2038,no
2039,yes
2040,yes
2041,no
2042,yes
2043,no
2044,no
2045,no
2046,no
2047,no
2048,yes
2049,no
2050,no
2051,yes
2052,yes
2053,yes
2054,no
2055,yes
2056,yes
2057,no
2058,no
2059,yes
2060,no
2061,no
2062,no
2063,no
2064,no
2065,yes
2066,yes
2067,no
2068,yes
2069,yes
2070,yes
2071,no
2072,no
2073,yes
2074,no
2075,no
2076,yes
2077,no
2078,no
2079,no
2080,yes
2081,no
2082,no
2083,no
2084,yes
2085,no
2086,no
2087,yes
2088,no
2089,no
2090,yes
2091,yes
2092,no
2093,no
2094,no
2095,yes
2096,yes
2097,yes
2098,yes
2099,yes
2100,no
2101,no
2102,no
2103,yes
2104,no
2105,no
2106,no
2107,no
2108,no
2109,no
2110,yes
2111,no
2112,yes
2113,no
2114,yes
2115,yes
2116,yes
2117,no
2118,no
2119,yes
2120,no
2121,yes
2122,yes
2123,no
2124,yes
2125,yes
2126,yes
2127,yes
2128,yes
2129,yes
2130,no
2131,yes
2132,no
2133,no
2134,yes
2135,no
2136,no
2137,no
2138,yes
2139,no
2140,yes
2141,yes
2142,yes
2143,no
2144,no
2145,yes
2146,no
2147,no
2148,yes
2149,no
2150,no
2151,no
2152,yes
2153,yes
2154,no
2155,no
2156,no
2157,no
2158,no
2159,no
2160,no
2161,yes
2162,no
2163,yes
2164,no
2165,no
2166,no
2167,yes
2168,yes
2169,no
2170,yes
2171,no
2172,yes
2173,no
2174,yes
2175,yes
2176,yes
2177,yes
2178,no
2179,yes
2180,yes
2181,yes
2182,yes
2183,yes
2184,yes
2185,yes
2186,yes
2187,no
2188,yes
2189,yes
2190,yes
2191,no
2192,yes
2193,no
2194,no
2195,no
2196,yes
2197,no
2198,no
2199,no
2200,no
2201,yes
2202,yes
2203,yes
2204,yes
2205,yes
2206,yes
2207,yes
2208,no
2209,no
2210,yes
2211,no
2212,yes
2213,yes
2214,no
2215,yes
2216,no
2217,yes
2218,yes
2219,no
2220,no
2221,yes
2222,yes
2223,yes
2224,no
2225,yes
2226,yes
2227,yes
2228,yes
2229,no
2230,no
2231,yes
2232,yes
2233,no
2234,yes
2235,no
2236,no
2237,no
2238,no
2239,no
2240,no
2241,yes
2242,yes
2243,yes
2244,yes
2245,yes
2246,no
2247,no
2248,no
2249,yes
2250,no
2251,yes
2252,no
2253,no
2254,yes
2255,no
2256,yes
2257,no
2258,yes
2259,no
2260,no
2261,yes
2262,no
2263,no
2264,no
2265,no
2266,no
2267,yes
2268,no
2269,no
2270,no
2271,no
2272,no
2273,no
2274,yes
2275,yes
2276,yes
2277,no
2278,yes
2279,yes
2280,no
2281,yes
2282,no
2283,no
2284,yes
2285,no
2286,yes
2287,yes
2288,no
2289,no
2290,yes
2291,yes
2292,no
2293,yes
2294,yes
2295,no
2296,yes
2297,no
2298,yes
2299,yes
2300,no
2301,no
2302,yes
2303,no
2304,yes
2305,yes
2306,yes
2307,no
2308,no
2309,no
2310,yes
2311,yes
2312,no
2313,no
2314,no
2315,yes
2316,yes
2317,yes
2318,yes
2319,yes
2320,no
2321,no
2322,no
2323,no
2324,no
2325,no
2326,no
2327,no
2328,no
2329,yes
2330,no
2331,yes
2332,yes
2333,yes
2334,yes
2335,yes
2336,yes
2337,no
2338,no
2339,yes
2340,no
2341,no
2342,no
2343,yes
2344,yes
2345,yes
2346,yes
2347,no
2348,yes
2349,no
2350,no
2351,no
2352,no
2353,no
2354,yes
2355,no
2356,no
2357,yes
2358,no
2359,no
2360,no
2361,no
2362,no
2363,yes
2364,no
2365,no
2366,no
2367,yes
2368,yes
2369,no
2370,no
2371,yes
2372,no
2373,yes
2374,yes
2375,no
2376,yes
2377,no
2378,yes
2379,no
2380,yes
2381,yes
2382,no
2383,no
2384,no
2385,yes
2386,no
2387,no
2388,yes
2389,no
2390,no
2391,yes
2392,no
2393,yes
2394,no
2395,no
2396,no
2397,no
2398,yes
2399,no
2400,yes
2401,yes
2402,yes
2403,yes
2404,no
2405,no
2406,yes
2407,yes
2408,yes
2409,yes
2410,no
2411,no
2412,yes
2413,no
2414,no
2415,no
2416,no
2417,no
2418,no
2419,no
2420,no
2421,yes
2422,no
2423,no
2424,yes
2425,no
2426,yes
2427,no
2428,yes
2429,yes
2430,yes
2431,no
2432,no
2433,yes
2434,no
2435,yes
2436,yes
2437,no
2438,no
2439,yes
2440,yes
2441,no
2442,no
2443,yes
2444,yes
2445,yes
2446,yes
2447,yes
2448,yes
2449,yes
2450,yes
2451,no
2452,no
2453,no
2454,yes
2455,no
2456,yes
2457,no
2458,no
2459,yes
2460,yes
2461,no
2462,yes
2463,no
2464,no
2465,no
2466,no
2467,no
2468,no
2469,no
2470,yes
2471,yes
2472,no
2473,yes
2474,yes
2475,yes
2476,no
2477,no
2478,no
2479,yes
2480,no
2481,no
2482,no
2483,yes
2484,no
2485,no
2486,no
2487,yes
2488,yes
2489,yes
2490,no
2491,yes
2492,no
2493,yes
2494,yes
2495,yes
2496,yes
2497,yes
2498,yes
2499,no
2500,no
2501,yes
2502,yes
2503,no
2504,no
2505,no
2506,yes
2507,yes
2508,yes
2509,yes
2510,no
2511,yes
2512,no
2513,no
2514,no
2515,no
2516,no
2517,yes
2518,no
2519,no
2520,no
2521,no
2522,yes
2523,no
2524,yes
2525,no
2526,no
2527,yes
2528,no
2529,no
2530,yes
2531,yes
2532,no
2533,yes
2534,yes
2535,yes
2536,no
2537,yes
2538,no
2539,no
2540,yes
2541,no
2542,no
2543,no
2544,yes
2545,yes
2546,no
2547,yes
2548,no
2549,no
2550,no
2551,yes
2552,no
2553,yes
2554,yes
2555,no
2556,no
2557,no
2558,yes
2559,yes
2560,yes
2561,yes
2562,yes
2563,no
2564,no
2565,yes
2566,yes
2567,no
2568,yes
2569,yes
2570,yes
2571,yes
2572,no
2573,yes
2574,yes
2575,no
2576,yes
2577,no
2578,yes
2579,yes
2580,no
2581,yes
2582,yes
2583,no
2584,no
2585,yes
2586,yes
2587,no
2588,yes
2589,yes
2590,no
2591,no
2592,yes
2593,no
2594,no
2595,no
2596,no
2597,yes
2598,yes
2599,yes
2600,yes
2601,no
2602,no
2603,yes
2604,no
2605,yes
2606,yes
2607,no
2608,yes
2609,yes
2610,no
2611,yes
2612,yes
2613,yes
2614,yes
2615,yes
2616,no
2617,yes
2618,yes
2619,no
2620,no
2621,no
2622,no
2623,no
2624,yes
2625,no
2626,no
2627,yes
2628,no
2629,yes
2630,yes
2631,no
2632,no
2633,yes
2634,no
2635,yes
2636,no
2637,no
2638,no
2639,no
2640,no
2641,yes
2642,no
2643,yes
2644,yes
2645,yes
2646,no
2647,no
2648,no
2649,yes
2650,no
2651,no
2652,no
2653,no
2654,yes
2655,no
2656,no
2657,no
2658,no
2659,yes
2660,no
2661,no
2662,yes
2663,no
2664,yes
2665,yes
2666,no
2667,yes
2668,no
2669,no
2670,no
2671,yes
2672,yes
2673,no
2674,no
2675,yes
2676,no
2677,no
2678,no
2679,no
2680,yes
2681,no
2682,yes
2683,yes
2684,yes
2685,yes
2686,yes
2687,no
2688,no
2689,no
2690,no
2691,no
2692,no
2693,yes
2694,yes
2695,yes
2696,no
2697,no
2698,yes
2699,no
2700,no
2701,no
2702,yes
2703,yes
2704,yes
2705,no
2706,no
2707,yes
2708,yes
2709,no
2710,yes
2711,yes
2712,no
2713,yes
2714,no
2715,yes
2716,yes
2717,yes
2718,yes
2719,yes
2720,yes
2721,yes
2722,no
2723,no
2724,no
2725,no
2726,no
2727,no
2728,yes
2729,yes
2730,no
2731,no
2732,no
2733,no
2734,yes
2735,yes
2736,no
2737,yes
2738,yes
2739,no
2740,no
2741,no
2742,no
2743,yes
2744,no
2745,yes
2746,no
2747,no
2748,no
2749,yes
2750,no
2751,no
2752,yes
2753,no
2754,yes
2755,no
2756,no
2757,no
2758,no
2759,no
2760,no
2761,no
2762,yes
2763,yes
2764,no
2765,no
2766,no
2767,yes
2768,no
2769,no
2770,no
2771,yes
2772,no
2773,yes
2774,no
2775,no
2776,no
2777,no
2778,no
2779,no
2780,no
2781,no
2782,no
2783,yes
2784,no
2785,no
2786,yes
2787,yes
2788,no
2789,no
2790,yes
2791,0
2792,1
2793,0
2794,1
2795,1
2796,0
2797,0
2798,1
2799,0
2800,0
2801,0
2802,0
2803,1
2804,1
2805,0
2806,1
2807,1
2808,0
2809,1
2810,1
2811,0
2812,0
2813,1
2814,0
2815,1
2816,0
2817,1
2818,1
2819,0
2820,1
2821,1
2822,1
2823,1
2824,0
2825,0
2826,0
2827,0
2828,0
2829,0
2830,1
2831,1
2832,0
2833,1
2834,1
2835,0
2836,0
2837,1
2838,1
2839,1
2840,1
2841,1
2842,0
2843,0
2844,0
2845,0
2846,1
2847,1
2848,0
2849,1
2850,0
2851,0
2852,0
2853,0
2854,1
2855,0
2856,1
2857,1
2858,0
2859,0
2860,1
2861,1
2862,1
2863,0
2864,1
2865,0
2866,0
2867,0
2868,1
2869,1
2870,0
2871,1
2872,0
2873,0
2874,0
2875,1
2876,0
2877,0
2878,1
2879,1
2880,0
2881,0
2882,1
2883,0
2884,0
2885,1
2886,1
2887,0
2888,1
2889,1
2890,1
2891,1
2892,1
2893,1
2894,1
2895,1
2896,0
2897,0
2898,0
2899,1
2900,1
2901,0
2902,1
2903,1
2904,1
2905,0
2906,0
2907,1
2908,1
2909,0
2910,0
2911,0
2912,1
2913,0
2914,0
2915,1
2916,0
2917,1
2918,0
2919,0
2920,1
2921,0
2922,0
2923,1
2924,1
2925,1
2926,0
2927,0
2928,1
2929,1
2930,0
2931,1
2932,1
2933,0
2934,1
2935,0
2936,1
2937,1
2938,0
2939,0
2940,0
2941,1
2942,0
2943,0
2944,1
2945,0
2946,1
2947,0
2948,0
2949,0
2950,1
2951,0
2952,0
2953,1
2954,0
2955,1
2956,0
2957,0
2958,0
2959,1
2960,0
2961,0
2962,0
2963,1
2964,0
2965,1
2966,0
2967,1
2968,0
2969,0
2970,0
2971,1
2972,0
2973,1
2974,1
2975,1
2976,1
2977,1
2978,1
2979,0
2980,0
2981,1
2982,0
2983,1
2984,0
2985,0
2986,1
2987,0
2988,1
2989,0
2990,0
2991,0
2992,0
2993,0
2994,1
2995,0
2996,0
2997,1
2998,0
2999,0
3000,0
3001,1
3002,0
3003,0
3004,1
3005,1
3006,0
3007,0
3008,1
3009,0
3010,1
3011,1
3012,1
3013,1
3014,0
3015,1
3016,0
3017,0
3018,0
3019,1
3020,1
3021,0
3022,1
3023,1
3024,1
3025,1
3026,1
3027,1
3028,1
3029,0
3030,1
3031,0
3032,0
3033,1
3034,0
3035,1
3036,1
3037,1
3038,0
3039,1
3040,0
3041,1
3042,0
3043,1
3044,0
3045,0
3046,1
3047,1
3048,1
3049,0
3050,1
3051,0
3052,0
3053,1
3054,1
3055,1
3056,1
3057,1
3058,0
3059,1
3060,0
3061,0
3062,0
3063,0
3064,1
3065,0
3066,1
3067,1
3068,1
3069,0
3070,1
3071,0
3072,1
3073,0
3074,1
3075,0
3076,0
3077,0
3078,1
3079,1
3080,0
3081,1
3082,0
3083,0
3084,0
3085,1
3086,1
3087,0
3088,0
3089,0
3090,0
3091,1
3092,1
3093,0
3094,1
3095,1
3096,0
3097,1
3098,1
3099,0
3100,0
3101,1
3102,0
3103,1
3104,0
3105,0
3106,1
3107,0
3108,1
3109,0
3110,0
3111,0
3112,0
3113,1
3114,1
3115,0
3116,1
3117,1
3118,1
3119,0
3120,1
3121,0
3122,1
3123,0
3124,0
3125,1
3126,0
3127,1
3128,0
3129,0
3130,1
3131,0
3132,1
3133,0
3134,0
3135,0
3136,0
3137,0
3138,1
3139,0
3140,1
3141,1
3142,1
3143,0
3144,0
3145,1
3146,1
3147,0
3148,1
3149,0
3150,1
3151,1
3152,1
3153,1
3154,1
3155,0
3156,1
3157,1
3158,0
3159,1
3160,0
3161,0
3162,1
3163,0
3164,0
3165,1
3166,1
3167,0
3168,0
3169,0
3170,0
3171,0
3172,0
3173,1
3174,1
3175,1
3176,1
3177,0
3178,1
3179,1
3180,0
3181,1
3182,1
3183,0
3184,1
3185,0
3186,0
3187,1
3188,0
3189,1
3190,1
3191,1
3192,0
3193,0
3194,1
3195,1
3196,0
3197,0
3198,0
3199,0
3200,1
3201,1
3202,0
3203,1
3204,1
3205,1
3206,1
3207,0
3208,0
3209,0
3210,1
3211,1
3212,1
3213,0
3214,0
3215,0
3216,0
3217,0
3218,0
3219,1
3220,1
3221,1
3222,1
3223,0
3224,1
3225,1
3226,1
3227,0
3228,0
3229,1
3230,0
3231,1
3232,0
3233,0
3234,1
3235,0
3236,1
3237,0
3238,0
3239,1
3240,0
3241,1
3242,0
3243,1
3244,1
3245,1
3246,0
3247,1
3248,1
3249,1
3250,1
3251,0
3252,1
3253,0
3254,0
3255,1
3256,0
3257,0
3258,1
3259,0
3260,0
3261,1
3262,0
3263,0
3264,1
3265,1
3266,1
3267,1
3268,1
3269,1
3270,1
3271,0
3272,1
3273,0
3274,0
3275,1
3276,1
3277,0
3278,1
3279,0
3280,1
3281,1
3282,1
3283,0
3284,0
3285,0
3286,1
3287,1
3288,0
3289,0
3290,0
3291,1
3292,0
3293,1
3294,0
3295,0
3296,1
3297,1
3298,0
3299,0
3300,0
3301,1
3302,1
3303,0
3304,0
3305,0
3306,0
3307,0
3308,1
3309,1
3310,1
3311,1
3312,0
3313,0
3314,1
3315,1
3316,1
3317,1
3318,1
3319,0
3320,0
3321,1
3322,0
3323,0
3324,0
3325,0
3326,0
3327,1
3328,0
3329,0
3330,0
3331,0
3332,1
3333,1
3334,1
3335,0
3336,1
3337,1
3338,0
3339,0
3340,0
3341,1
3342,0
3343,1
3344,1
3345,0
3346,0
3347,1
3348,1
3349,0
3350,1
3351,1
3352,1
3353,1
3354,1
3355,1
3356,0
3357,0
3358,0
3359,1
3360,1
3361,1
3362,1
3363,1
3364,1
3365,1
3366,1
3367,0
3368,1
3369,1
3370,0
3371,1
3372,1
3373,1
3374,1
3375,1
3376,1
3377,1
3378,1
3379,1
3380,1
3381,1
3382,0
3383,1
3384,0
3385,0
3386,0
3387,1
3388,0
3389,0
3390,1
3391,1
3392,0
3393,0
3394,0
3395,0
3396,1
3397,1
3398,1
3399,1
3400,0
3401,0
3402,1
3403,1
3404,0
3405,0
3406,0
3407,1
3408,1
3409,0
3410,1
3411,1
3412,0
3413,0
3414,0
3415,1
3416,1
3417,0
3418,0
3419,0
3420,0
3421,0
3422,1
3423,1
3424,0
3425,0
3426,0
3427,0
3428,1
3429,0
3430,1
3431,0
3432,0
3433,1
3434,0
3435,1
3436,1
3437,1
3438,1
3439,1
3440,1
3441,0
3442,1
3443,1
3444,0
3445,0
3446,0
3447,1
3448,1
3449,1
3450,0
3451,0
3452,1
3453,0
3454,1
3455,1
3456,0
3457,1
3458,0
3459,0
3460,0
3461,0
3462,0
3463,1
3464,1
3465,1
3466,1
3467,0
3468,0
3469,1
3470,1
3471,1
3472,0
3473,0
3474,0
3475,0
3476,1
3477,1
3478,1
3479,1
3480,0
3481,1
3482,0
3483,0
3484,0
3485,0
3486,0
3487,1
3488,0
3489,0
3490,1
3491,0
3492,0
3493,0
3494,0
3495,0
3496,1
3497,1
3498,1
3499,1
3500,1
3501,1
3502,0
3503,1
3504,1
3505,1
3506,1
3507,0
3508,0
3509,0
3510,0
3511,0
3512,1
3513,0
3514,1
3515,1
3516,1
3517,0
3518,0
3519,0
3520,0
3521,0
3522,1
3523,0
3524,1
3525,0
3526,0
3527,1
3528,1
3529,0
3530,0
3531,1
3532,0
3533,0
3534,1
3535,1
3536,1
3537,0
3538,1
3539,0
3540,1
3541,1
3542,1
3543,1
3544,1
3545,1
3546,1
3547,1
3548,1
3549,0
3550,0
3551,0
3552,0
3553,0
3554,1
3555,0
3556,1
3557,1
3558,1
3559,1
3560,0
3561,0
3562,1
3563,0
3564,1
3565,0
3566,0
3567,1
3568,1
3569,1
3570,1
3571,0
3572,1
3573,0
3574,1
3575,1
3576,0
3577,1
3578,1
3579,0
3580,0
3581,0
3582,1
3583,1
3584,0
3585,0
3586,0
3587,1
3588,1
3589,0
3590,1
3591,0
3592,0
3593,0
3594,0
3595,0
3596,1
3597,1
3598,1
3599,1
3600,1
3601,0
3602,0
3603,1
3604,1
3605,1
3606,1
3607,0
3608,0
3609,0
3610,0
3611,0
3612,0
3613,0
3614,1
3615,0
3616,0
3617,0
3618,1
3619,0
3620,0
3621,1
3622,0
3623,1
3624,0
3625,0
3626,0
3627,0
3628,0
3629,0
3630,0
3631,0
3632,0
3633,1
3634,1
3635,0
3636,0
3637,0
3638,1
3639,1
3640,0
3641,1
3642,0
3643,1
3644,0
3645,1
3646,0
3647,0
3648,1
3649,0
3650,1
3651,1
3652,0
3653,0
3654,0
3655,0
3656,0
3657,1
3658,0
3659,0
3660,0
3661,0
3662,0
3663,0
3664,0
3665,0
3666,0
3667,0
3668,1
3669,0
3670,0
3671,0
3672,1
3673,0
3674,1
3675,0
3676,1
3677,0
3678,0
3679,1
3680,0
3681,1
3682,1
3683,1
3684,0
3685,0
3686,1
3687,0
3688,0
3689,1
3690,0
3691,0
3692,1
3693,0
3694,0
3695,1
3696,0
3697,0
3698,1
3699,0
3700,0
3701,0
3702,0
3703,0
3704,1
3705,0
3706,0
3707,0
3708,1
3709,0
3710,1
3711,1
3712,0
3713,1
3714,1
3715,1
3716,1
3717,1
3718,0
3719,1
3720,0
3721,0
3722,1
3723,0
3724,1
3725,1
3726,0
3727,1
3728,1
3729,0
3730,0
3731,1
3732,1
3733,0
3734,1
3735,0
3736,0
3737,0
3738,0
3739,1
3740,1
3741,0
3742,1
3743,1
3744,1
3745,0
3746,0
3747,1
3748,1
3749,0
3750,1
3751,0
3752,1
3753,1
3754,0
3755,0
3756,1
3757,0
3758,1
3759,1
3760,1
3761,0
3762,0
3763,0
3764,0
3765,1
3766,1
3767,1
3768,0
3769,1
3770,0
3771,1
3772,0
3773,1
3774,1
3775,0
3776,1
3777,1
3778,1
3779,1
3780,1
3781,1
3782,0
3783,0
3784,1
3785,0
3786,0
3787,0
3788,0
3789,1
3790,0
3791,1
3792,1
3793,1
3794,0
3795,0
3796,1
3797,0
3798,0
3799,0
3800,1
3801,1
3802,0
3803,1
3804,1
3805,0
3806,0
3807,0
3808,0
3809,0
3810,0
3811,0
3812,0
3813,1
3814,0
3815,1
3816,1
3817,1
3818,0
3819,0
3820,1
3821,0
3822,0
3823,0
3824,0
3825,1
3826,0
3827,0
3828,1
3829,1
3830,0
3831,1
3832,1
3833,1
3834,1
3835,1
3836,0
3837,1
3838,1
3839,1
3840,0
3841,1
3842,1
3843,1
3844,0
3845,0
3846,0
3847,1
3848,0
3849,0
3850,0
3851,1
3852,1
3853,1
3854,0
3855,0
3856,0
3857,0
3858,0
3859,1
3860,0
3861,0
3862,0
3863,0
3864,1
3865,1
3866,0
3867,1
3868,1
3869,1
3870,1
3871,0
3872,0
3873,0
3874,1
3875,1
3876,1
3877,1
3878,0
3879,0
3880,0
3881,0
3882,1
3883,0
3884,1
3885,1
3886,0
3887,1
3888,1
3889,1
3890,0
3891,0
3892,0
3893,0
3894,0
3895,0
3896,1
3897,0
3898,1
3899,0
3900,1
3901,0
3902,1
3903,1
3904,1
3905,1
3906,1
3907,0
3908,0
3909,0
3910,1
3911,0
3912,0
3913,1
3914,1
3915,0
3916,0
3917,1
3918,1
3919,0
3920,0
3921,1
3922,0
3923,1
3924,1
3925,0
3926,1
3927,0
3928,1
3929,0
3930,0
3931,1
3932,0
3933,0
3934,0
3935,0
3936,1
3937,1
3938,0
3939,1
3940,0
3941,1
3942,1
3943,0
3944,1
3945,0
3946,0
3947,1
3948,1
3949,1
3950,1
3951,0
3952,1
3953,1
3954,1
3955,1
3956,0
3957,1
3958,1
3959,1
3960,0
3961,1
3962,0
3963,0
3964,1
3965,1
3966,1
3967,0
3968,0
3969,1
3970,0
3971,0
3972,0
3973,0
3974,0
3975,0
3976,0
3977,0
3978,0
3979,0
3980,0
3981,1
3982,1
3983,1
3984,0
3985,1
3986,0
3987,1
3988,1
3989,0
3990,0
3991,0
3992,1
3993,0
3994,0
3995,0
3996,1
3997,0
3998,0
3999,0
4000,0
4001,1
4002,0
4003,1
4004,1
4005,0
4006,0
4007,0
4008,0
4009,0
4010,1
4011,0
4012,1
4013,0
4014,0
4015,0
4016,1
4017,0
4018,0
4019,0
4020,0
4021,1
4022,0
4023,0
4024,0
4025,0
4026,1
4027,0
4028,0
4029,1
4030,0
4031,0
4032,1
4033,1
4034,0
4035,0
4036,1
4037,0
4038,0
4039,0
4040,1
4041,0
4042,0
4043,1
4044,1
4045,0
4046,0
4047,0
4048,0
4049,0
4050,1
4051,0
4052,1
4053,1
4054,1
4055,1
4056,1
4057,1
4058,1
4059,0
4060,1
4061,0
4062,0
4063,0
4064,1
4065,0
4066,0
4067,0
4068,0
4069,0
4070,0
4071,1
4072,0
4073,1
4074,0
4075,1
4076,0
4077,1
4078,1
4079,1
4080,0
4081,1
4082,0
4083,0
4084,0
4085,1
4086,1
4087,1
4088,1
4089,1
4090,1
4091,1
4092,0
4093,1
4094,0
4095,0
4096,0
4097,1
4098,0
4099,0
4100,1
4101,0
4102,1
4103,0
4104,0
4105,1
4106,1
4107,1
4108,1
4109,1
4110,0
4111,1
4112,0
4113,0
4114,0
4115,0
4116,1
4117,1
4118,0
4119,1
4120,1
4121,0
4122,1
4123,0
4124,1
4125,1
4126,1
4127,1
4128,0
4129,0
4130,0
4131,0
4132,0
4133,0
4134,0
4135,1
4136,0
4137,1
4138,1
4139,0
4140,0
4141,0
4142,0
4143,0
4144,0
4145,0
4146,1
4147,0
4148,1
4149,1
4150,1
4151,1
4152,0
4153,0
4154,1
4155,0
4156,1
4157,0
4158,0
4159,1
4160,1
4161,0
4162,0
4163,1
4164,1
4165,1
4166,1
4167,0
4168,0
4169,1
4170,1
4171,0
4172,0
4173,0
4174,0
4175,1
4176,0
4177,0
4178,1
4179,1
4180,0
4181,0
4182,1
4183,0
4184,1
4185,0
4186,0
4187,0
4188,0
4189,1
4190,1
4191,0
4192,1
4193,0
4194,1
4195,1
4196,1
4197,1
4198,0
4199,1
4200,0
4201,1
4202,0
4203,0
4204,0
4205,1
4206,1
4207,1
4208,1
4209,1
4210,1
4211,0
4212,0
4213,0
4214,1
4215,0
4216,1
4217,1
4218,1
4219,1
4220,1
4221,1
4222,0
4223,1
4224,1
4225,1
4226,0
4227,0
4228,1
4229,0
4230,0
4231,0
4232,1
4233,0
4234,0
4235,0
4236,0
4237,1
4238,1
4239,1
4240,0
4241,0
4242,1
4243,1
4244,1
4245,1
4246,1
4247,0
4248,0
4249,1
4250,1
4251,0
4252,0
4253,0
4254,0
4255,1
4256,0
4257,0
4258,0
4259,0
4260,1
4261,1
4262,1
4263,0
4264,0
4265,1
4266,0
4267,1
4268,0
4269,0
4270,1
4271,1
4272,1
4273,0
4274,0
4275,1
4276,1
4277,0
4278,0
4279,1
4280,0
4281,0
4282,0
4283,1
4284,0
4285,1
4286,0
4287,1
4288,0
4289,1
4290,0
4291,1
4292,0
4293,1
4294,0
4295,1
4296,0
4297,0
4298,1
4299,0
4300,1
4301,0
4302,0
4303,1
4304,1
4305,1
4306,1
4307,0
4308,1
4309,1
4310,1
4311,1
4312,0
4313,1
4314,1
4315,0
4316,1
4317,1
4318,0
4319,0
4320,1
4321,0
4322,0
4323,0
4324,1
4325,0
4326,0
4327,0
4328,0
4329,1
4330,1
4331,0
4332,1
4333,0
4334,1
4335,0
4336,0
4337,1
4338,0
4339,0
4340,0
4341,0
4342,0
4343,0
4344,1
4345,0
4346,0
4347,0
4348,0
4349,1
4350,1
4351,0
4352,1
4353,1
4354,0
4355,0
4356,0
4357,0
4358,0
4359,1
4360,0
4361,0
4362,0
4363,1
4364,1
4365,1
4366,1
4367,0
4368,1
4369,1
4370,0
4371,1
4372,1
4373,1
4374,1
4375,1
4376,0
4377,0
4378,1
4379,0
4380,1
4381,1
4382,0
4383,0
4384,0
4385,1
4386,1
4387,0
4388,0
4389,0
4390,0
4391,1
4392,0
4393,0
4394,0
4395,1
4396,1
4397,0
4398,0
4399,0
4400,0
4401,0
4402,0
4403,0
4404,1
4405,0
4406,0
4407,0
4408,0
4409,0
4410,1
4411,1
4412,0
4413,0
4414,0
4415,0
4416,0
4417,1
4418,0
4419,0
4420,0
4421,1
4422,1
4423,1
4424,0
4425,0
4426,1
4427,0
4428,0
4429,1
4430,0
4431,0
4432,1
4433,1
4434,0
4435,0
4436,1
4437,0
4438,1
4439,1
4440,0
4441,0
4442,0
4443,1
4444,0
4445,1
4446,0
4447,0
4448,0
4449,1
4450,1
4451,0
4452,0
4453,0
4454,0
4455,1
4456,0
4457,0
4458,0
4459,0
4460,1
4461,1
4462,0
4463,0
4464,1
4465,1
4466,1
4467,0
4468,0
4469,0
4470,0
4471,0
4472,1
4473,1
4474,1
4475,1
4476,1
4477,0
4478,0
4479,1
4480,0
4481,0
4482,1
4483,1
4484,0
4485,0
4486,0
4487,1
4488,1
4489,0
4490,1
4491,1
4492,1
4493,0
4494,1
4495,0
4496,1
4497,0
4498,0
4499,1
4500,1
4501,0
4502,0
4503,1
4504,1
4505,0
4506,0
4507,0
4508,0
4509,0
4510,0
4511,0
4512,0
4513,0
4514,1
4515,1
4516,0
4517,0
4518,1
4519,0
4520,0
4521,0
4522,1
4523,0
4524,1
4525,0
4526,1
4527,0
4528,0
4529,1
4530,0
4531,1
4532,1
4533,0
4534,0
4535,1
4536,0
4537,0
4538,0
4539,0
4540,1
4541,1
4542,1
4543,1
4544,1
4545,1
4546,1
4547,1
4548,0
4549,1
4550,0
4551,0
4552,0
4553,0
4554,0
4555,0
4556,0
4557,0
4558,1
4559,0
4560,0
4561,0
4562,0
4563,0
4564,0
4565,1
4566,1
4567,0
4568,1
4569,1
4570,1
4571,0
4572,0
4573,1
4574,0
4575,1
4576,0
4577,0
4578,1
4579,1
4580,0
4581,1
4582,0
4583,1
4584,1
4585,1
4586,1
4587,0
4588,1
4589,0
4590,0
4591,1
4592,1
4593,1
4594,0
4595,0
4596,1
4597,0
4598,1
4599,0
4600,1
4601,0
4602,1
4603,1
4604,0
4605,0
4606,1
4607,1
4608,0
4609,0
4610,1
4611,1
4612,0
4613,1
4614,1
4615,0
4616,0
4617,0
4618,0
4619,1
4620,1
4621,1
4622,0
4623,1
4624,0
4625,1
4626,0
4627,1
4628,1
4629,0
4630,0
4631,0
4632,0
4633,1
4634,1
4635,0
4636,0
4637,0
4638,0
4639,0
4640,0
4641,0
4642,1
4643,1
4644,0
4645,1
4646,0
4647,1
4648,0
4649,0
4650,0
4651,1
4652,0
4653,1
4654,1
4655,0
4656,1
4657,0
4658,0
4659,1
4660,0
4661,1
4662,0
4663,1
4664,1
4665,1
4666,0
4667,1
4668,1
4669,1
4670,0
4671,1
4672,0
4673,1
4674,1
4675,0
4676,0
4677,0
4678,0
4679,1
4680,1
4681,1
4682,0
4683,1
4684,0
4685,1
4686,1
4687,1
4688,1
4689,1
4690,0
4691,1
4692,1
4693,0
4694,1
4695,0
4696,1
4697,0
4698,0
4699,0
4700,0
4701,0
4702,0
4703,1
4704,0
4705,1
4706,0
4707,0
4708,1
4709,1
4710,1
4711,0
4712,1
4713,0
4714,1
4715,0
4716,0
4717,1
4718,0
4719,0
4720,0
4721,0
4722,0
4723,1
4724,0
4725,1
4726,1
4727,1
4728,0
4729,0
4730,0
4731,0
4732,1
4733,1
4734,0
4735,1
4736,0
4737,0
4738,1
4739,1
4740,0
4741,1
4742,0
4743,0
4744,1
4745,1
4746,0
4747,1
4748,0
4749,1
4750,0
4751,0
4752,0
4753,0
4754,0
4755,1
4756,1
4757,1
4758,0
4759,0
4760,1
4761,0
4762,1
4763,0
4764,0
4765,0
4766,0
4767,0
4768,1
4769,1
4770,0
4771,0
4772,1
4773,1
4774,1
4775,0
4776,1
4777,1
4778,0
4779,0
4780,0
4781,1
4782,0
4783,1
4784,0
4785,1
4786,1
4787,0
4788,1
4789,1
4790,1
4791,1
4792,1
4793,0
4794,1
4795,0
4796,0
4797,0
4798,1
4799,0
4800,0
4801,1
4802,0
4803,0
4804,0
4805,0
4806,1
4807,0
4808,1
4809,1
4810,0
4811,0
4812,0
4813,0
4814,0
4815,1
4816,0
4817,0
4818,1
4819,1
4820,0
4821,1
4822,1
4823,1
4824,0
4825,0
4826,1
4827,0
4828,1
4829,0
4830,0
4831,0
4832,0
4833,0
4834,0
4835,0
4836,0
4837,0
4838,0
4839,0
4840,1
4841,1
4842,0
4843,0
4844,0
4845,1
4846,1
4847,0
4848,0
4849,1
4850,1
4851,1
4852,0
4853,0
4854,1
4855,1
4856,0
4857,0
4858,0
4859,1
4860,0
4861,0
4862,1
4863,1
4864,0
4865,0
4866,0
4867,1
4868,1
4869,1
4870,0
4871,0
4872,1
4873,0
4874,0
4875,1
4876,0
4877,0
4878,1
4879,0
4880,1
4881,0
4882,0
4883,1
4884,0
4885,0
4886,0
4887,1
4888,1
4889,0
4890,1
4891,0
4892,0
4893,0
4894,1
4895,0
4896,0
4897,0
4898,1
4899,0
4900,0
4901,0
4902,0
4903,0
4904,1
4905,0
4906,0
4907,1
4908,1
4909,0
4910,0
4911,1
4912,1
4913,1
4914,0
4915,0
4916,1
4917,0
4918,0
4919,1
4920,1
4921,0
4922,1
4923,1
4924,1
4925,0
4926,1
4927,1
4928,0
4929,1
4930,1
4931,0
4932,0
4933,1
4934,1
4935,1
4936,1
4937,1
4938,1
4939,1
4940,1
4941,0
4942,1
4943,0
4944,0
4945,0
4946,0
4947,1
4948,0
4949,1
4950,1
4951,0
4952,1
4953,1
4954,1
4955,0
4956,0
4957,1
4958,1
4959,0
4960,1
4961,0
4962,1
4963,1
4964,0
4965,0
4966,1
4967,1
4968,1
4969,1
4970,0
4971,1
4972,0
4973,1
4974,0
4975,1
4976,0
4977,0
4978,0
4979,0
4980,0
4981,0
4982,0
4983,1
4984,0
4985,1
4986,1
4987,1
4988,0
4989,1
4990,1
4991,0
4992,0
4993,1
4994,0
4995,1
4996,0
4997,0
4998,1
4999,1
5000,0
5001,0
5002,1
5003,0
5004,1
5005,1
5006,0
5007,1
5008,0
5009,1
5010,0
5011,0
5012,1
5013,1
5014,1
5015,1
5016,1
5017,0
5018,1
5019,1
5020,1
5021,0
5022,1
5023,1
5024,1
5025,1
5026,1
5027,0
5028,0
5029,0
5030,0
5031,0
5032,1
5033,0
5034,0
5035,0
5036,1
5037,1
5038,1
5039,1
5040,0
5041,1
5042,1
5043,0
5044,0
5045,1
5046,1
5047,1
5048,0
5049,1
5050,1
5051,0
5052,0
5053,0
5054,0
5055,1
5056,0
5057,1
5058,0
5059,1
5060,1
5061,1
5062,1
5063,1
5064,0
5065,0
5066,0
5067,0
5068,0
5069,0
5070,0
5071,0
5072,0
5073,1
5074,0
5075,1
5076,0
5077,1
5078,0
5079,1
5080,1
5081,1
5082,0
5083,0
5084,0
5085,0
5086,1
5087,0
5088,1
5089,1
5090,0
5091,0
5092,0
5093,1
5094,0
5095,0
5096,0
5097,1
5098,1
5099,1
5100,0
5101,1
5102,1
5103,1
5104,0
5105,0
5106,0
5107,1
5108,0
5109,0
5110,1
5111,1
5112,1
5113,1
5114,0
5115,0
5116,1
5117,0
5118,0
5119,1
5120,1
5121,0
5122,0
5123,0
5124,1
5125,0
5126,1
5127,0
5128,1
5129,1
5130,0
5131,0
5132,1
5133,1
5134,1
5135,0
5136,1
5137,1
5138,0
5139,0
5140,0
5141,0
5142,0
5143,1
5144,1
5145,0
5146,1
5147,0
5148,1
5149,1
5150,0
5151,0
5152,0
5153,0
5154,0
5155,1
5156,0
5157,1
5158,0
5159,1
5160,0
5161,0
5162,1
5163,0
5164,1
5165,0
5166,1
5167,1
5168,0
5169,0
5170,1
5171,1
5172,0
5173,0
5174,0
5175,0
5176,0
5177,0
5178,0
5179,1
5180,0
5181,0
5182,1
5183,0
5184,1
5185,1
5186,1
5187,0
5188,0
5189,0
5190,1
5191,0
5192,1
5193,0
5194,0
5195,1
5196,0
5197,1
5198,0
5199,1
5200,1
5201,1
5202,0
5203,1
5204,1
5205,0
5206,0
5207,1
5208,0
5209,0
5210,1
5211,1
5212,0
5213,0
5214,0
5215,1
5216,1
5217,0
5218,0
5219,0
5220,0
5221,1
5222,0
5223,1
5224,0
5225,0
5226,1
5227,1
5228,0
5229,0
5230,1
5231,0
5232,0
5233,1
5234,1
5235,1
5236,0
5237,0
5238,1
5239,1
5240,0
5241,1
5242,1
5243,1
5244,1
5245,0
5246,0
5247,0
5248,1
5249,1
5250,0
5251,1
5252,0
5253,1
5254,0
5255,1
5256,1
5257,0
5258,0
5259,1
5260,0
5261,1
5262,1
5263,1
5264,0
5265,0
5266,0
5267,0
5268,0
5269,0
5270,0
5271,0
5272,0
5273,0
5274,0
5275,1
5276,0
5277,0
5278,1
5279,0
5280,0
5281,0
5282,0
5283,1
5284,0
5285,0
5286,0
5287,0
5288,1
5289,1
5290,1
5291,1
5292,0
5293,0
5294,0
5295,1
5296,1
5297,0
5298,1
5299,0
5300,0
5301,0
5302,1
5303,0
5304,1
5305,0
5306,1
5307,1
5308,1
5309,0
5310,0
5311,1
5312,0
5313,1
5314,0
5315,0
5316,1
5317,1
5318,0
5319,1
5320,0
5321,0
5322,0
5323,1
5324,0
5325,0
5326,1
5327,0
5328,1
5329,1
5330,1
5331,1
5332,0
5333,0
5334,1
5335,1
5336,1
5337,0
5338,0
5339,1
5340,0
5341,0
5342,1
5343,1
5344,1
5345,1
5346,1
5347,1
5348,1
5349,0
5350,0
5351,0
5352,0
5353,0
5354,1
5355,1
5356,1
5357,0
5358,1
5359,0
5360,0
5361,0
5362,0
5363,0
5364,0
5365,1
5366,1
5367,0
5368,0
5369,1
5370,0
5371,0
5372,1
5373,0
5374,0
5375,1
5376,0
5377,1
5378,0
5379,0
5380,1
5381,1
5382,0
5383,1
5384,0
5385,0
5386,1
5387,1
5388,0
5389,1
5390,1
5391,0
5392,1
5393,1
5394,1
5395,1
5396,0
5397,1
5398,0
5399,0
5400,0
5401,1
5402,1
5403,1
5404,0
5405,1
5406,1
5407,0
5408,1
5409,0
5410,1
5411,0
5412,1
5413,1
5414,0
5415,0
5416,0
5417,0
5418,0
5419,0
5420,1
5421,0
5422,1
5423,1
5424,0
5425,0
5426,0
5427,0
5428,1
5429,0
5430,0
5431,1
5432,1
5433,1
5434,1
5435,1
5436,1
5437,1
5438,1
5439,1
5440,1
5441,1
5442,0
5443,0
5444,0
5445,1
5446,0
5447,1
5448,0
5449,0
5450,0
5451,0
5452,0
5453,0
5454,1
5455,1
5456,0
5457,0
5458,1
5459,1
5460,1
5461,1
5462,1
5463,0
5464,0
5465,1
5466,1
5467,0
5468,1
5469,0
5470,1
5471,0
5472,1
5473,0
5474,1
5475,0
5476,1
5477,1
5478,0
5479,1
5480,0
5481,1
5482,0
5483,1
5484,1
5485,1
5486,0
5487,0
5488,1
5489,0
5490,1
5491,1
5492,1
5493,0
5494,1
5495,1
5496,1
5497,1
5498,0
5499,0
5500,1
5501,0
5502,1
5503,1
5504,1
5505,1
5506,1
5507,0
5508,1
5509,0
5510,0
5511,0
5512,1
5513,0
5514,0
5515,0
5516,1
5517,0
5518,1
5519,1
5520,1
5521,0
5522,0
5523,0
5524,1
5525,0
5526,0
5527,0
5528,0
5529,1
5530,1
5531,0
5532,1
5533,1
5534,1
5535,0
5536,0
5537,1
5538,0
5539,0
5540,1
5541,1
5542,0
5543,0
5544,0
5545,0
5546,1
5547,0
5548,1
5549,1
5550,0
5551,1
5552,1
5553,1
5554,1
5555,0
5556,0
5557,1
5558,1
5559,1
5560,0
5561,1
5562,1
5563,1
5564,0
5565,0
5566,1
5567,1
5568,1
5569,0
5570,0
5571,0
5572,1
5573,1
5574,1
5575,0
5576,0
5577,0
5578,0
5579,0
5580,1
5581,1
5582,1
5583,0
5584,1
5585,0
5586,0
5587,0
5588,0
5589,1
5590,1
5591,0
5592,1
5593,0
5594,1
5595,0
5596,0
5597,0
5598,0
5599,0
5600,1
5601,0
5602,1
5603,1
5604,0
5605,0
5606,0
5607,0
5608,0
5609,1
5610,0
5611,0
5612,1
5613,1
5614,1
5615,0
5616,1
5617,1
5618,0
5619,0
5620,1
5621,0
5622,0
5623,0
5624,1
5625,1
5626,0
5627,0
5628,0
5629,1
5630,0
5631,1
5632,1
5633,1
5634,0
5635,1
5636,1
5637,0
5638,1
5639,1
5640,1
5641,0
5642,0
5643,0
5644,0
5645,0
5646,1
5647,0
5648,1
5649,0
5650,0
5651,1
5652,0
5653,1
5654,0
5655,0
5656,0
5657,1
5658,1
5659,1
5660,1
5661,0
5662,0
5663,0
5664,1
5665,0
5666,1
5667,1
5668,1
5669,1
5670,1
5671,1
5672,1
5673,0
5674,0
5675,1
5676,1
5677,1
5678,1
5679,0
5680,0
5681,1
5682,0
5683,0
5684,1
5685,0
5686,1
5687,1
5688,0
5689,1
5690,1
5691,0
5692,0
5693,0
5694,1
5695,0
5696,0
5697,1
5698,1
5699,1
5700,0
5701,0
5702,0
5703,1
5704,1
5705,1
5706,1
5707,0
5708,0
5709,0
5710,0
5711,0
5712,0
5713,0
5714,1
5715,1
5716,0
5717,0
5718,1
5719,1
5720,1
5721,0
5722,0
5723,1
5724,1
5725,0
5726,0
5727,1
5728,0
5729,1
5730,1
5731,0
5732,1
5733,1
5734,1
5735,1
5736,1
5737,1
5738,0
5739,1
5740,0
5741,1
5742,1
5743,0
5744,0
5745,1
5746,1
5747,0
5748,1
5749,0
5750,0
5751,1
5752,0
5753,1
5754,0
5755,1
5756,0
5757,1
5758,0
5759,0
5760,1
5761,1
5762,1
5763,0
5764,1
5765,0
5766,0
5767,1
5768,0
5769,1
5770,0
5771,0
5772,1
5773,0
5774,1
5775,0
5776,0
5777,0
5778,1
5779,0
5780,0
5781,1
5782,0
5783,0
5784,0
5785,0
5786,1
5787,1
5788,1
5789,0
5790,1
5791,0
5792,0
5793,0
5794,0
5795,0
5796,0
5797,1
5798,1
5799,0
5800,1
5801,1
5802,0
5803,0
5804,1
5805,0
5806,1
5807,0
5808,1
5809,1
5810,1
5811,1
5812,0
5813,0
5814,0
5815,0
5816,0
5817,1
5818,1
5819,1
5820,0
5821,0
5822,1
5823,1
5824,1
5825,1
5826,0
5827,0
5828,0
5829,0
5830,0
5831,1
5832,1
5833,0
5834,0
5835,0
5836,1
5837,1
5838,0
5839,0
5840,0
5841,1
5842,1
5843,0
5844,0
5845,0
5846,1
5847,0
5848,0
5849,0
5850,1
5851,0
5852,1
5853,1
5854,1
5855,0
5856,1
5857,1
5858,0
5859,1
5860,0
5861,0
5862,0
5863,1
5864,1
5865,0
5866,0
5867,1
5868,1
5869,0
5870,1
5871,0
5872,1
5873,1
5874,0
5875,0
5876,1
5877,1
5878,0
5879,0
5880,0
5881,0
5882,0
5883,1
5884,0
5885,0
5886,0
5887,0
5888,1
5889,0
5890,0
5891,1
5892,0
5893,0
5894,0
5895,1
5896,0
5897,1
5898,1
5899,1
5900,1
5901,1
5902,0
5903,0
5904,1
5905,1
5906,0
5907,0
5908,1
5909,0
5910,0
5911,0
5912,0
5913,1
5914,1
5915,1
5916,0
5917,0
5918,0
5919,0
5920,1
5921,0
5922,1
5923,0
5924,1
5925,0
5926,1
5927,1
5928,1
5929,1
5930,1
5931,0
5932,1
5933,1
5934,0
5935,0
5936,0
5937,0
5938,0
5939,0
5940,0
5941,1
5942,0
5943,0
5944,0
5945,1
5946,1
5947,1
5948,1
5949,1
5950,1
5951,1
5952,1
5953,1
5954,0
5955,1
5956,0
5957,0
5958,0
5959,0
5960,0
5961,1
5962,0
5963,1
5964,0
5965,0
5966,1
5967,0
5968,0
5969,0
5970,1
5971,0
5972,1
5973,1
5974,0
5975,0
5976,0
5977,1
5978,0
5979,0
5980,1
5981,0
5982,0
5983,0
5984,1
5985,0
5986,0
5987,1
5988,0
5989,1
5990,0
5991,1
5992,0
5993,0
5994,1
5995,0
5996,0
5997,1
5998,0
5999,1
6000,0
6001,1
6002,1
6003,1
6004,0
6005,1
6006,1
6007,1
6008,1
6009,0
6010,0
6011,0
6012,0
6013,1
6014,0
6015,1
6016,1
6017,1
6018,1
6019,0
6020,1
6021,0
6022,1
6023,0
6024,0
6025,0
6026,1
6027,1
6028,0
6029,1
6030,0
6031,0
6032,0
6033,0
6034,0
6035,0
6036,1
6037,0
6038,0
6039,0
6040,1
6041,0
6042,0
6043,0
6044,1
6045,0
6046,0
6047,0
6048,0
6049,1
6050,1
6051,0
6052,0
6053,0
6054,1
6055,0
6056,0
6057,1
6058,0
6059,1
6060,1
6061,0
6062,1
6063,1
6064,0
6065,1
6066,0
6067,1
6068,0
6069,0
6070,0
6071,0
6072,0
6073,0
6074,0
6075,0
6076,0
6077,1
6078,0
6079,1
6080,0
6081,1
6082,0
6083,0
6084,0
6085,1
6086,0
6087,1
6088,1
6089,0
6090,1
6091,1
6092,0
6093,1
6094,0
6095,1
6096,0
6097,0
6098,1
6099,1
6100,0
6101,1
6102,0
6103,0
6104,0
6105,0
6106,1
6107,0
6108,1
6109,1
6110,0
6111,0
6112,1
6113,0
6114,0
6115,1
6116,1
6117,0
6118,0
6119,1
6120,1
6121,0
6122,1
6123,0
6124,1
6125,1
6126,0
6127,0
6128,0
6129,0
6130,1
6131,0
6132,0
6133,1
6134,1
6135,0
6136,1
6137,1
6138,0
6139,0
6140,1
6141,0
6142,0
6143,1
6144,0
6145,0
6146,1
6147,1
6148,0
6149,0
6150,0
6151,1
6152,1
6153,1
6154,1
6155,0
6156,1
6157,0
6158,0
6159,0
6160,1
6161,0
6162,0
6163,0
6164,1
6165,1
6166,0
6167,0
6168,1
6169,0
6170,0
6171,0
6172,0
6173,0
6174,0
6175,1
6176,1
6177,1
6178,0
6179,0
6180,1
6181,1
6182,0
6183,0
6184,0
6185,1
6186,0
6187,1
6188,0
6189,1
6190,1
6191,1
6192,1
6193,0
6194,0
6195,0
6196,1
6197,0
6198,0
6199,0
6200,1
6201,0
6202,0
6203,1
6204,0
6205,0
6206,0
6207,0
6208,1
6209,1
6210,1
6211,0
6212,1
6213,1
6214,1
6215,0
6216,0
6217,0
6218,0
6219,0
6220,1
6221,0
6222,1
6223,0
6224,0
6225,0
6226,0
6227,0
6228,0
6229,1
6230,1
6231,1
6232,1
6233,0
6234,1
6235,0
6236,0
6237,0
6238,0
6239,1
6240,1
6241,0
6242,0
6243,0
6244,0
6245,0
6246,0
6247,1
6248,0
6249,0
6250,0
6251,0
6252,0
6253,0
6254,1
6255,1
6256,0
6257,1
6258,0
6259,0
6260,0
6261,0
6262,0
6263,1
6264,1
6265,1
6266,1
6267,1
6268,0
6269,0
6270,1
6271,1
6272,0
6273,0
6274,0
6275,0
6276,0
6277,0
6278,1
6279,0
6280,1
6281,1
6282,0
6283,0
6284,0
6285,0
6286,1
6287,0
6288,0
6289,1
6290,1
6291,1
6292,0
6293,1
6294,1
6295,0
6296,1
6297,1
6298,0
6299,0
6300,1
6301,1
6302,1
6303,0
6304,1
6305,0
6306,0
6307,1
6308,1
6309,0
6310,1
6311,0
6312,1
6313,0
6314,0
6315,1
6316,0
6317,0
6318,0
6319,1
6320,1
6321,0
6322,1
6323,0
6324,0
6325,1
6326,0
6327,0
6328,0
6329,1
6330,1
6331,1
6332,0
6333,1
6334,1
6335,0
6336,0
6337,0
6338,0
6339,0
6340,0
6341,1
6342,1
6343,1
6344,1
6345,0
6346,1
6347,0
6348,1
6349,1
6350,0
6351,0
6352,0
6353,1
6354,0
6355,1
6356,0
6357,0
6358,1
6359,0
6360,0
6361,0
6362,1
6363,1
6364,0
6365,0
6366,0
6367,0
6368,1
6369,0
6370,1
6371,0
6372,0
6373,1
6374,0
6375,0
6376,1
6377,1
6378,1
6379,1
6380,0
6381,0
6382,0
6383,1
6384,0
6385,0
6386,0
6387,1
6388,0
6389,0
6390,0
6391,1
6392,0
6393,1
6394,1
6395,0
6396,0
6397,0
6398,0
6399,0
6400,1
6401,0
6402,0
6403,0
6404,1
6405,0
6406,0
6407,1
6408,1
6409,0
6410,0
6411,1
6412,0
6413,1
6414,0
6415,0
6416,1
6417,1
6418,0
6419,0
6420,1
6421,1
6422,0
6423,0
6424,0
6425,1
6426,1
6427,0
6428,1
6429,0
6430,1
6431,0
6432,0
6433,0
6434,1
6435,1
6436,0
6437,1
6438,0
6439,1
6440,1
6441,0
6442,0
6443,0
6444,0
6445,1
6446,1
6447,1
6448,0
6449,0
6450,1
6451,0
6452,0
6453,0
6454,1
6455,1
6456,0
6457,1
6458,0
6459,1
6460,1
6461,0
6462,1
6463,1
6464,0
6465,1
6466,0
6467,0
6468,0
6469,0
6470,0
6471,1
6472,0
6473,0
6474,1
6475,0
6476,1
6477,0
6478,1
6479,0
6480,0
6481,1
6482,0
6483,1
6484,1
6485,0
6486,0
6487,0
6488,0
6489,0
6490,0
6491,1
6492,1
6493,0
6494,1
6495,1
6496,1
6497,0
6498,0
6499,0
6500,0
6501,0
6502,1
6503,1
6504,0
6505,1
6506,1
6507,1
6508,0
6509,1
6510,0
6511,1
6512,1
6513,0
6514,0
6515,0
6516,1
6517,1
6518,1
6519,1
6520,1
6521,0
6522,1
6523,0
6524,0
6525,1
6526,0
6527,0
6528,1
6529,1
6530,1
6531,0
6532,1
6533,0
6534,0
6535,1
6536,0
6537,0
6538,0
6539,1
6540,1
6541,0
6542,1
6543,0
6544,1
6545,1
6546,0
6547,0
6548,0
6549,1
6550,0
6551,1
6552,0
6553,1
6554,1
6555,1
6556,1
6557,0
6558,0
6559,1
6560,0
6561,1
6562,0
6563,0
6564,1
6565,1
6566,1
6567,1
6568,1
6569,0
6570,1
6571,1
6572,1
6573,0
6574,0
6575,0
6576,1
6577,1
6578,1
6579,1
6580,1
6581,1
6582,0
6583,0
6584,0
6585,0
6586,1
6587,0
6588,1
6589,1
6590,1
6591,1
6592,1
6593,0
6594,1
6595,0
6596,1
6597,1
6598,0
6599,1
6600,0
6601,0
6602,0
6603,0
6604,1
6605,1
6606,0
6607,0
6608,0
6609,1
6610,0
6611,1
6612,0
6613,0
6614,0
6615,1
6616,0
6617,1
6618,0
6619,1
6620,1
6621,0
6622,0
6623,1
6624,1
6625,0
6626,1
6627,1
6628,1
6629,0
6630,0
6631,0
6632,1
6633,0
6634,1
6635,1
6636,0
6637,0
6638,0
6639,1
6640,0
6641,1
6642,0
6643,1
6644,1
6645,0
6646,1
6647,1
6648,0
6649,1
6650,1
6651,1
6652,1
6653,0
6654,1
6655,0
6656,1
6657,1
6658,0
6659,1
6660,0
6661,1
6662,0
6663,0
6664,0
6665,0
6666,1
6667,0
6668,1
6669,0
6670,1
6671,0
6672,0
6673,0
6674,0
6675,1
6676,0
6677,1
6678,1
6679,0
6680,0
6681,1
6682,1
6683,0
6684,1
6685,0
6686,0
6687,0
6688,0
6689,1
6690,0
6691,1
6692,0
6693,0
6694,0
6695,0
6696,1
6697,0
6698,1
6699,0
6700,0
6701,0
6702,0
6703,1
6704,0
6705,1
6706,1
6707,0
6708,1
6709,0
6710,1
6711,0
6712,0
6713,0
6714,1
6715,0
6716,1
6717,0
6718,0
6719,0
6720,1
6721,1
6722,0
6723,1
6724,1
6725,0
6726,1
6727,1
6728,0
6729,0
6730,0
6731,0
6732,1
6733,0
6734,0
6735,1
6736,0
6737,1
6738,0
6739,0
6740,1
6741,0
6742,0
6743,1
6744,1
6745,0
6746,1
6747,0
6748,1
6749,1
6750,0
6751,0
6752,1
6753,1
6754,0
6755,0
6756,0
6757,1
6758,1
6759,0
6760,0
6761,1
6762,0
6763,0
6764,1
6765,0
6766,0
6767,1
6768,0
6769,0
6770,1
6771,1
6772,1
6773,1
6774,0
6775,1
6776,1
6777,0
6778,0
6779,0
6780,1
6781,0
6782,1
6783,0
6784,1
6785,1
6786,1
6787,0
6788,0
6789,0
6790,1
6791,1
6792,0
6793,0
6794,1
6795,1
6796,1
6797,1
6798,0
6799,0
6800,0
6801,1
6802,0
6803,1
6804,1
6805,1
6806,0
6807,1
6808,0
6809,1
6810,0
6811,1
6812,0
6813,0
6814,0
6815,0
6816,0
6817,0
6818,0
6819,1
6820,1
6821,1
6822,1
6823,0
6824,0
6825,0
6826,0
6827,0
6828,1
6829,1
6830,1
6831,1
6832,0
6833,1
6834,0
6835,0
6836,0
6837,1
6838,1
6839,1
6840,1
6841,1
6842,0
6843,1
6844,1
6845,1
6846,0
6847,1
6848,1
6849,0
6850,1
6851,1
6852,1
6853,1
6854,1
6855,0
6856,0
6857,0
6858,1
6859,0
6860,1
6861,0
6862,0
6863,1
6864,1
6865,1
6866,0
6867,0
6868,1
6869,0
6870,0
6871,1
6872,1
6873,0
6874,0
6875,0
6876,0
6877,1
6878,0
6879,0
6880,0
6881,0
6882,1
6883,0
6884,1
6885,0
6886,1
6887,0
6888,0
6889,0
6890,1
6891,0
6892,0
6893,0
6894,1
6895,0
6896,0
6897,1
6898,0
6899,0
6900,0
6901,1
6902,0
6903,1
6904,0
6905,1
6906,1
6907,0
6908,1
6909,0
6910,0
6911,0
6912,1
6913,0
6914,0
6915,1
6916,0
6917,0
6918,0
6919,1
6920,1
6921,0
6922,1
6923,0
6924,0
6925,1
6926,0
6927,1
6928,1
6929,1
6930,1
6931,0
6932,1
6933,0
6934,1
6935,1
6936,0
6937,1
6938,1
6939,1
6940,1
6941,0
6942,1
6943,1
6944,0
6945,1
6946,1
6947,1
6948,0
6949,0
6950,0
6951,0
6952,0
6953,0
6954,1
6955,1
6956,1
6957,0
6958,1
6959,0
6960,1
6961,0
6962,0
6963,0
6964,0
6965,0
6966,0
6967,1
6968,1
6969,0
6970,0
6971,1
6972,0
6973,0
6974,1
6975,0
6976,1
6977,1
6978,1
6979,0
6980,0
6981,1
6982,1
6983,1
6984,0
6985,0
6986,1
6987,0
6988,0
6989,1
6990,1
6991,0
6992,1
6993,1
6994,0
6995,0
6996,1
6997,1
6998,0
6999,0
7000,1
7001,0
7002,0
7003,0
7004,1
7005,0
7006,1
7007,1
7008,1
7009,1
7010,0
7011,1
7012,0
7013,0
7014,1
7015,1
7016,1
7017,0
7018,0
7019,1
7020,0
7021,1
7022,1
7023,1
7024,1
7025,0
7026,0
7027,1
7028,1
7029,1
7030,1
7031,1
7032,0
7033,0
7034,1
7035,1
7036,0
7037,0
7038,1
7039,0
7040,0
7041,1
7042,0
7043,0
7044,0
7045,0
7046,0
7047,1
7048,0
7049,0
7050,0
7051,0
7052,1
7053,1
7054,0
7055,0
7056,1
7057,1
7058,1
7059,1
7060,0
7061,0
7062,0
7063,1
7064,1
7065,0
7066,0
7067,0
7068,1
7069,1
7070,0
7071,0
7072,0
7073,1
7074,0
7075,0
7076,1
7077,0
7078,1
7079,1
7080,0
7081,0
7082,1
7083,1
7084,1
7085,0
7086,0
7087,0
7088,0
7089,1
7090,0
7091,0
7092,1
7093,0
7094,1
7095,0
7096,0
7097,0
7098,0
7099,1
7100,1
7101,1
7102,0
7103,1
7104,1
7105,0
7106,1
7107,1
7108,1
7109,0
7110,0
7111,1
7112,1
7113,0
7114,1
7115,1
7116,1
7117,0
7118,1
7119,1
7120,0
7121,0
7122,1
7123,0
7124,1
7125,1
7126,0
7127,0
7128,0
7129,0
7130,0
7131,1
7132,0
7133,0
7134,1
7135,1
7136,0
7137,1
7138,1
7139,0
7140,1
7141,0
7142,1
7143,0
7144,0
7145,1
7146,0
7147,0
7148,1
7149,1
7150,1
7151,0
7152,0
7153,0
7154,1
7155,0
7156,1
7157,1
7158,0
7159,0
7160,1
7161,1
7162,1
7163,1
7164,0
7165,1
7166,0
7167,0
7168,1
7169,1
7170,1
7171,1
7172,0
7173,0
7174,1
7175,0
7176,0
7177,1
7178,0
7179,1
7180,1
7181,1
7182,1
7183,1
7184,1
7185,0
7186,1
7187,1
7188,0
7189,1
7190,0
7191,0
7192,1
7193,1
7194,1
7195,1
7196,1
7197,0
7198,0
7199,0
7200,0
7201,0
7202,0
7203,1
7204,0
7205,0
7206,0
7207,0
7208,0
7209,0
7210,1
7211,1
7212,1
7213,1
7214,1
7215,0
7216,0
7217,0
7218,0
7219,1
7220,1
7221,0
7222,1
7223,1
7224,0
7225,0
7226,1
7227,1
7228,1
7229,0
7230,0
7231,1
7232,1
7233,0
7234,0
7235,0
7236,0
7237,0
7238,1
7239,1
7240,0
7241,0
7242,1
7243,1
7244,1
7245,1
7246,1
7247,0
7248,0
7249,1
7250,1
7251,0
7252,0
7253,1
7254,0
7255,0
7256,0
7257,0
7258,1
7259,1
7260,0
7261,0
7262,0
7263,1
7264,0
7265,1
7266,1
7267,1
7268,1
7269,1
7270,0
7271,0
7272,1
7273,0
7274,1
7275,0
7276,0
7277,0
7278,0
7279,1
7280,1
7281,0
7282,0
7283,0
7284,0
7285,1
7286,1
7287,0
7288,1
7289,0
7290,0
7291,1
7292,1
7293,1
7294,0
7295,0
7296,1
7297,1
7298,1
7299,0
7300,0
7301,0
7302,1
7303,0
7304,1
7305,0
7306,0
7307,1
7308,0
7309,1
7310,0
7311,0
7312,0
7313,0
7314,1
7315,1
7316,1
7317,0
7318,1
7319,1
7320,0
7321,0
7322,1
7323,1
7324,1
7325,0
7326,0
7327,0
7328,0
7329,0
7330,0
7331,0
7332,0
7333,0
7334,0
7335,0
7336,1
7337,1
7338,0
7339,1
7340,0
7341,1
7342,1
7343,0
7344,0
7345,1
7346,0
7347,0
7348,1
7349,0
7350,0
7351,0
7352,0
7353,0
7354,1
7355,1
7356,1
7357,0
7358,0
7359,1
7360,1
7361,0
7362,0
7363,0
7364,0
7365,1
7366,0
7367,1
7368,0
7369,0
7370,1
7371,0
7372,0
7373,0
7374,0
7375,0
7376,0
7377,0
7378,0
7379,1
7380,1
7381,0
7382,1
7383,1
7384,1
7385,1
7386,0
7387,0
7388,1
7389,1
7390,0
7391,0
7392,0
7393,0
7394,1
7395,1
7396,0
7397,0
7398,1
7399,1
7400,0
7401,1
7402,1
7403,1
7404,1
7405,1
7406,0
7407,0
7408,0
7409,0
7410,1
7411,1
7412,0
7413,1
7414,0
7415,0
7416,0
7417,1
7418,1
7419,0
7420,0
7421,1
7422,1
7423,0
7424,1
7425,0
7426,1
7427,0
7428,1
7429,0
7430,0
7431,0
7432,0
7433,1
7434,1
7435,1
7436,0
7437,0
7438,0
7439,0
7440,0
7441,1
7442,0
7443,0
7444,0
7445,0
7446,1
7447,1
7448,0
7449,0
7450,1
7451,0
7452,0
7453,0
7454,0
7455,0
7456,1
7457,0
7458,1
7459,1
7460,0
7461,1
7462,0
7463,0
7464,0
7465,1
7466,1
7467,0
7468,0
7469,1
7470,0
7471,0
7472,0
7473,0
7474,1
7475,1
7476,0
7477,0
7478,1
7479,1
7480,1
7481,1
7482,1
7483,1
7484,0
7485,0
7486,1
7487,1
7488,1
7489,0
7490,1
7491,0
7492,0
7493,1
7494,0
7495,0
7496,0
7497,1
7498,0
7499,0
7500,0
7501,1
7502,1
7503,0
7504,0
7505,0
7506,1
7507,0
7508,1
7509,1
7510,1
7511,1
7512,1
7513,1
7514,1
7515,1
7516,0
7517,0
7518,0
7519,0
7520,1
7521,1
7522,1
7523,1
7524,1
7525,1
7526,0
7527,0
7528,1
7529,1
7530,1
7531,1
7532,0
7533,1
7534,1
7535,1
7536,1
7537,1
7538,0
7539,0
7540,0
7541,0
7542,1
7543,1
7544,0
7545,1
7546,0
7547,1
7548,0
7549,1
7550,0
7551,1
7552,1
7553,0
7554,1
7555,0
7556,1
7557,1
7558,1
7559,0
7560,0
7561,1
7562,1
7563,1
7564,1
7565,0
7566,1
7567,1
7568,0
7569,0
7570,1
7571,1
7572,0
7573,1
7574,0
7575,1
7576,0
7577,0
7578,1
7579,1
7580,0
7581,1
7582,1
7583,0
7584,1
7585,0
7586,1
7587,0
7588,0
7589,1
7590,0
7591,1
7592,0
7593,0
7594,1
7595,1
7596,1
7597,1
7598,1
7599,0
7600,1
7601,1
7602,1
7603,1
7604,0
7605,1
7606,1
7607,1
7608,1
7609,1
7610,1
7611,0
7612,1
7613,0
7614,1
7615,1
7616,0
7617,1
7618,1
7619,0
7620,0
7621,1
7622,0
7623,0
7624,1
7625,0
7626,1
7627,1
7628,0
7629,1
7630,0
7631,0
7632,1
7633,1
7634,1
7635,1
7636,1
7637,1
7638,1
7639,0
7640,1
7641,1
7642,0
7643,0
7644,1
7645,1
7646,1
7647,0
7648,0
7649,0
7650,1
7651,0
7652,0
7653,0
7654,0
7655,1
7656,0
7657,0
7658,0
7659,0
7660,1
7661,0
7662,0
7663,0
7664,1
7665,0
7666,1
7667,1
7668,1
7669,0
7670,1
7671,0
7672,1
7673,1
7674,0
7675,1
7676,1
7677,1
7678,1
7679,0
7680,0
7681,1
7682,0
7683,0
7684,0
7685,1
7686,0
7687,0
7688,0
7689,0
7690,0
7691,1
7692,1
7693,1
7694,0
7695,1
7696,1
7697,1
7698,1
7699,0
7700,0
7701,1
7702,1
7703,0
7704,1
7705,1
7706,1
7707,1
7708,1
7709,0
7710,1
7711,0
7712,0
7713,0
7714,0
7715,0
7716,0
7717,1
7718,0
7719,0
7720,1
7721,1
7722,1
7723,1
7724,0
7725,1
7726,0
7727,1
7728,1
7729,1
7730,0
7731,1
7732,1
7733,1
7734,1
7735,1
7736,0
7737,0
7738,1
7739,0
7740,0
7741,1
7742,1
7743,1
7744,0
7745,1
7746,1
7747,1
7748,0
7749,0
7750,1
7751,0
7752,1
7753,1
7754,1
7755,1
7756,0
7757,0
7758,1
7759,0
7760,1
7761,0
7762,0
7763,0
7764,0
7765,0
7766,0
7767,1
7768,0
7769,0
7770,0
7771,1
7772,1
7773,1
7774,1
7775,1
7776,0
7777,1
7778,0
7779,0
7780,1
7781,0
7782,0
7783,1
7784,0
7785,1
7786,1
7787,0
7788,0
7789,1
7790,1
7791,0
7792,0
7793,0
7794,1
7795,0
7796,1
7797,1
7798,1
7799,1
7800,0
7801,0
7802,1
7803,0
7804,1
7805,1
7806,0
7807,1
7808,0
7809,1
7810,1
7811,1
7812,1
7813,0
7814,0
7815,1
7816,1
7817,0
7818,1
7819,0
7820,0
7821,0
7822,0
7823,0
7824,0
7825,0
7826,0
7827,1
7828,0
7829,1
7830,1
7831,1
7832,0
7833,1
7834,1
7835,0
7836,1
7837,1
7838,1
7839,0
7840,1
7841,1
7842,1
7843,0
7844,0
7845,1
7846,1
7847,0
7848,0
7849,0
7850,0
7851,1
7852,1
7853,0
7854,0
7855,1
7856,0
7857,1
7858,0
7859,0
7860,1
7861,1
7862,0
7863,0
7864,1
7865,1
7866,1
7867,1
7868,1
7869,1
7870,0
7871,0
7872,1
7873,0
7874,0
7875,0
7876,1
7877,1
7878,1
7879,0
7880,1
7881,0
7882,1
7883,0
7884,0
7885,1
7886,0
7887,0
7888,1
7889,0
7890,1
7891,0
7892,0
7893,0
7894,1
7895,0
7896,1
7897,0
7898,0
7899,1
7900,0
7901,1
7902,0
7903,0
7904,1
7905,1
7906,0
7907,0
7908,0
7909,1
7910,0
7911,0
7912,1
7913,0
7914,0
7915,1
7916,1
7917,0
7918,0
7919,0
7920,0
7921,1
7922,0
7923,1
7924,0
7925,1
7926,0
7927,1
7928,0
7929,0
7930,1
7931,1
7932,0
7933,0
7934,1
7935,0
7936,0
7937,0
7938,0
7939,1
7940,1
7941,0
7942,0
7943,0
7944,0
7945,1
7946,0
7947,0
7948,0
7949,1
7950,0
7951,0
7952,0
7953,0
7954,0
7955,0
7956,0
7957,1
7958,0
7959,0
7960,1
7961,0
7962,1
7963,0
7964,1
7965,0
7966,0
7967,1
7968,1
7969,1
7970,0
7971,1
7972,0
7973,0
7974,0
7975,1
7976,1
7977,1
7978,1
7979,1
7980,0
7981,0
7982,0
7983,1
7984,0
7985,1
7986,0
7987,1
7988,1
7989,1
7990,1
7991,0
7992,0
7993,0
7994,1
7995,1
7996,1
7997,0
7998,0
7999,0
8000,0
8001,1
8002,1
8003,1
8004,0
8005,0
8006,1
8007,0
8008,0
8009,0
8010,1
8011,0
8012,0
8013,1
8014,1
8015,0
8016,1
8017,1
8018,0
8019,0
8020,0
8021,0
8022,1
8023,1
8024,0
8025,0
8026,1
8027,1
8028,1
8029,0
8030,1
8031,0
8032,0
8033,0
8034,0
8035,1
8036,1
8037,1
8038,1
8039,1
8040,1
8041,0
8042,1
8043,0
8044,1
8045,0
8046,0
8047,0
8048,0
8049,1
8050,1
8051,0
8052,1
8053,1
8054,1
8055,0
8056,1
8057,1
8058,1
8059,1
8060,0
8061,1
8062,1
8063,1
8064,1
8065,0
8066,1
8067,0
8068,1
8069,0
8070,1
8071,0
8072,0
8073,0
8074,0
8075,0
8076,1
8077,0
8078,1
8079,0
8080,1
8081,0
8082,1
8083,0
8084,1
8085,0
8086,1
8087,0
8088,0
8089,1
8090,0
8091,0
8092,0
8093,1
8094,0
8095,1
8096,0
8097,1
8098,1
8099,0
8100,0
8101,1
8102,0
8103,1
8104,0
8105,1
8106,0
8107,0
8108,0
8109,1
8110,1
8111,1
8112,1
8113,0
8114,0
8115,0
8116,0
8117,1
8118,1
8119,1
8120,1
8121,0
8122,1
8123,0
8124,0
8125,1
8126,1
8127,1
8128,1
8129,0
8130,1
8131,1
8132,1
8133,0
8134,1
8135,1
8136,1
8137,1
8138,1
8139,0
8140,0
8141,1
8142,0
8143,1
8144,0
8145,1
8146,1
8147,0
8148,0
8149,0
8150,1
8151,1
8152,1
8153,1
8154,0
8155,0
8156,0
8157,0
8158,0
8159,0
8160,1
8161,1
8162,1
8163,1
8164,0
8165,0
8166,1
8167,0
8168,1
8169,1
8170,1
8171,0
8172,1
8173,1
8174,0
8175,0
8176,0
8177,0
8178,1
8179,1
8180,0
8181,0
8182,0
8183,1
8184,1
8185,0
8186,0
8187,1
8188,0
8189,1
8190,1
8191,1
8192,0
8193,0
8194,1
8195,0
8196,1
8197,0
8198,0
8199,0
8200,0
8201,1
8202,1
8203,1
8204,0
8205,0
8206,0
8207,1
8208,0
8209,0
8210,1
8211,0
8212,0
8213,1
8214,1
8215,0
8216,0
8217,0
8218,1
8219,0
8220,0
8221,0
8222,1
8223,1
8224,1
8225,0
8226,0
8227,1
8228,0
8229,1
8230,0
8231,1
8232,1
8233,0
8234,1
8235,0
8236,1
8237,1
8238,1
8239,0
8240,1
8241,1
8242,0
8243,0
8244,0
8245,0
8246,1
8247,1
8248,0
8249,0
8250,0
8251,1
8252,0
8253,0
8254,1
8255,0
8256,0
8257,1
8258,1
8259,0
8260,1
8261,0
8262,1
8263,1
8264,1
8265,1
8266,1
8267,0
8268,0
8269,1
8270,0
8271,1
8272,1
8273,0
8274,0
8275,0
8276,1
8277,1
8278,0
8279,1
8280,1
8281,1
8282,1
8283,1
8284,1
8285,1
8286,1
8287,0
8288,1
8289,1
8290,1
8291,0
8292,0
8293,0
8294,1
8295,1
8296,0
8297,1
8298,0
8299,1
8300,0
8301,1
8302,0
8303,0
8304,0
8305,1
8306,0
8307,0
8308,0
8309,1
8310,0
8311,1
8312,0
8313,0
8314,0
8315,1
8316,0
8317,1
8318,0
8319,1
8320,0
8321,1
8322,1
8323,1
8324,0
8325,0
8326,1
8327,0
8328,1
8329,1
8330,1
8331,0
8332,1
8333,1
8334,1
8335,1
8336,0
8337,0
8338,1
8339,0
8340,0
8341,0
8342,0
8343,0
8344,0
8345,1
8346,0
8347,1
8348,0
8349,1
8350,0
8351,1
8352,1
8353,0
8354,0
8355,1
8356,1
8357,0
8358,0
8359,0
8360,0
8361,1
8362,0
8363,1
8364,1
8365,1
8366,1
8367,1
8368,0
8369,0
8370,1
